title_layer	image_layer	description_layer
TITLE_A	projects/projectX/input/ai.png	AAAAA AAAAA AAAAAAA AAAAA
TITLE_B	projects/projectX/input/aisowarai.png	BBBBBBBB BBBBBBBBBBBBBBBB BBBBB
TITLE_C	projects/projectX/input/shuden.png	CCCCCCCCCCCCCCCCCCCCCCCCCCCCCCCCCCCC
TITLE_D	projects/projectX/input/shuden.png	DDDDDD DD DDDD DDDDDDDDDD
TITLE_E	projects/projectX/input/shuden.png	EE EEEEE EEE EEEEEEEEE
TITLE_F	projects/projectX/input/shuden.png	FFFFF FFFFFFF FFF FFFFFFF
TITLE_F	projects/projectX/input/shuden.png	FFFFF FFFFFFF FFF FFFFFFF
TITLE_F	projects/projectX/input/shuden.png	FFFFF FFFFFFF FFF FFFFFFF
TITLE_F	projects/projectX/input/shuden.png	FFFFF FFFFFFF FFF FFFFFFF
